plane,model,distance
1,lock-bottom,188
2,lock-bottom,178
3,lock-bottom,160
4,dart,243
5,dart,208
6,dart,174
7,hunting,285
8,hunting,281
9,hunting,170
1,lock-bottom,65
2,lock-bottom,115
3,lock-bottom,102
4,dart,80
5,dart,199
6,dart,150
7,hunting,120
8,hunting,210
9,hunting,117
1,lock-bottom,138
2,lock-bottom,122
3,lock-bottom,183
4,dart,162
5,dart,167
6,dart,196
7,hunting,193
8,hunting,286
9,hunting,239
1,lock-bottom,120
2,lock-bottom,99
3,lock-bottom,344
4,dart,172
5,dart,236
6,dart,206
7,hunting,170
8,hunting,265
9,hunting,129