breed,butterfat_percentage
ayshire,3.74
ayshire,4.01
ayshire,3.77
ayshire,3.78
ayshire,4.1
ayshire,4.06
ayshire,4.27
ayshire,3.94
ayshire,4.11
ayshire,4.25
ayshire,4.44
ayshire,4.37
ayshire,4.25
ayshire,3.71
ayshire,4.08
ayshire,3.9
ayshire,4.41
ayshire,4.11
ayshire,4.37
ayshire,3.53
canadian,3.92
canadian,4.95
canadian,4.47
canadian,4.28
canadian,4.07
canadian,4.1
canadian,4.38
canadian,3.98
canadian,4.46
canadian,5.05
canadian,4.29
canadian,5.24
canadian,4.43
canadian,4
canadian,4.62
canadian,4.29
canadian,4.85
canadian,4.66
canadian,4.4
canadian,4.33
guernsey,4.54
guernsey,5.18
guernsey,5.75
guernsey,5.04
guernsey,4.64
guernsey,4.79
guernsey,4.72
guernsey,3.88
guernsey,5.28
guernsey,4.66
guernsey,5.3
guernsey,4.5
guernsey,4.59
guernsey,5.04
guernsey,4.83
guernsey,4.55
guernsey,4.97
guernsey,5.38
guernsey,4.39
guernsey,5.97
holstein-fresian,3.4
holstein-fresian,3.55
holstein-fresian,3.83
holstein-fresian,3.95
holstein-fresian,4.43
holstein-fresian,3.7
holstein-fresian,3.3
holstein-fresian,3.93
holstein-fresian,3.58
holstein-fresian,3.54
holstein-fresian,3.79
holstein-fresian,3.66
holstein-fresian,3.58
holstein-fresian,3.38
holstein-fresian,3.71
holstein-fresian,3.94
holstein-fresian,3.59
holstein-fresian,3.55
holstein-fresian,3.55
holstein-fresian,3.43
jersey,4.8
jersey,6.45
jersey,5.18
jersey,4.49
jersey,5.24
jersey,5.7
jersey,5.41
jersey,4.77
jersey,5.18
jersey,5.23
jersey,5.75
jersey,5.14
jersey,5.25
jersey,4.76
jersey,5.18
jersey,4.22
jersey,5.98
jersey,4.85
jersey,6.55
jersey,5.72
