"","treatment","happiness"
"1","Grateful",6.1
"2","Grateful",6.2
"3","Grateful",3.7
"4","Grateful",4.4
"5","Grateful",5.7
"6","Grateful",7.5
"7","Grateful",5.4
"8","Grateful",4.3
"9","Grateful",4.8
"10","Grateful",6
"11","Grateful",5.6
"12","Grateful",4.3
"13","Grateful",4.4
"14","Grateful",5.1
"15","Grateful",3.9
"16","Grateful",5.2
"17","Grateful",4.2
"18","Grateful",6
"19","Grateful",5.7
"20","Grateful",3.5
"21","Grateful",6.6
"22","Grateful",5.8
"23","Grateful",5.3
"24","Grateful",3.9
"25","Grateful",5
"26","Grateful",3.8
"27","Grateful",4.3
"28","Grateful",5
"29","Grateful",5.7
"30","Grateful",5.4
"31","Grateful",4.9
"32","Grateful",5.1
"33","Grateful",5.5
"34","Grateful",6.2
"35","Grateful",6.2
"36","Grateful",4
"37","Grateful",4.1
"38","Grateful",6.6
"39","Grateful",5.5
"40","Grateful",5.1
"41","Grateful",5.1
"42","Grateful",5.3
"43","Grateful",4.3
"44","Grateful",3.5
"45","Grateful",5.6
"46","Grateful",3.8
"47","Grateful",4.4
"48","Grateful",4
"49","Grateful",7
"50","Grateful",7.2
"51","Grateful",4.2
"52","Grateful",4.2
"53","Grateful",4.1
"54","Grateful",4.2
"55","Grateful",4.9
"56","Grateful",5.4
"57","Grateful",5
"58","Grateful",6.5
"59","Grateful",4.8
"60","Grateful",4
"61","Grateful",5.3
"62","Grateful",4.4
"63","Grateful",5.1
"64","Grateful",4.9
"65","Grateful",NA
"66","Grateful",NA
"67","Grateful",NA
"68","Grateful",NA
"69","Grateful",NA
"70","Grateful",NA
"71","Grateful",NA
"72","Grateful",NA
"73","Grateful",NA
"74","Grateful",NA
"75","Grateful",NA
"76","Grateful",NA
"77","Grateful",NA
"78","Grateful",NA
"79","Grateful",NA
"80","Grateful",NA
"81","Grateful",NA
"82","Grateful",NA
"83","Grateful",NA
"84","Grateful",NA
"85","Grateful",NA
"86","Grateful",NA
"87","Grateful",NA
"88","Grateful",NA
"89","Grateful",NA
"90","Grateful",NA
"91","Grateful",NA
"92","Grateful",NA
"93","Grateful",NA
"94","Grateful",NA
"95","Grateful",NA
"96","Grateful",NA
"97","Grateful",NA
"98","Grateful",NA
"99","Grateful",NA
"100","Grateful",NA
"101","Grateful",NA
"102","Grateful",NA
"103","Grateful",NA
"104","Grateful",NA
"105","Grateful",NA
"106","Grateful",NA
"107","Grateful",NA
"108","Grateful",NA
"109","Grateful",NA
"110","Grateful",NA
"111","Grateful",NA
"112","Grateful",NA
"113","Grateful",NA
"114","Grateful",NA
"115","Grateful",NA
"116","Grateful",NA
"117","Grateful",NA
"118","Grateful",NA
"119","Grateful",NA
"120","Grateful",NA
"121","Grateful",NA
"122","Grateful",NA
"123","Grateful",NA
"124","Grateful",NA
"125","Grateful",NA
"126","Grateful",NA
"127","Grateful",NA
"128","Grateful",NA
"129","Grateful",NA
"130","Grateful",NA
"131","Grateful",NA
"132","Grateful",NA
"133","Grateful",NA
"134","Grateful",NA
"135","Grateful",NA
"136","Grateful",NA
"137","Grateful",NA
"138","Grateful",NA
"139","Grateful",NA
"140","Grateful",NA
"141","Grateful",NA
"142","Grateful",NA
"143","Grateful",NA
"144","Grateful",NA
"145","Grateful",NA
"146","Grateful",NA
"147","Grateful",NA
"148","Grateful",NA
"149","Grateful",NA
"150","Grateful",NA
"151","Grateful",NA
"152","Grateful",NA
"153","Grateful",NA
"154","Grateful",NA
"155","Grateful",NA
"156","Grateful",NA
"157","Grateful",NA
"158","Grateful",NA
"159","Grateful",NA
"160","Grateful",NA
"161","Grateful",NA
"162","Grateful",NA
"163","Grateful",NA
"164","Grateful",NA
"165","Grateful",NA
"166","Grateful",NA
"167","Grateful",NA
"168","Grateful",NA
"169","Grateful",NA
"170","Grateful",NA
"171","Grateful",NA
"172","Grateful",NA
"173","Grateful",NA
"174","Grateful",NA
"175","Grateful",NA
"176","Grateful",NA
"177","Grateful",NA
"178","Grateful",NA
"179","Grateful",NA
"180","Grateful",NA
"181","Grateful",NA
"182","Grateful",NA
"183","Grateful",NA
"184","Grateful",NA
"185","Grateful",NA
"186","Grateful",NA
"187","Grateful",NA
"188","Grateful",NA
"189","Grateful",NA
"190","Grateful",NA
"191","Grateful",NA
"192","Grateful",NA
"193","Hassles",5.9
"194","Hassles",5.4
"195","Hassles",3.7
"196","Hassles",4.4
"197","Hassles",3.8
"198","Hassles",3.4
"199","Hassles",5.3
"200","Hassles",5.4
"201","Hassles",4.2
"202","Hassles",5.5
"203","Hassles",6.1
"204","Hassles",4.6
"205","Hassles",6.2
"206","Hassles",3.9
"207","Hassles",4.6
"208","Hassles",3.4
"209","Hassles",5.3
"210","Hassles",3.7
"211","Hassles",4.5
"212","Hassles",4.2
"213","Hassles",3.5
"214","Hassles",3.5
"215","Hassles",5.2
"216","Hassles",5.9
"217","Hassles",5.9
"218","Hassles",4.5
"219","Hassles",4.6
"220","Hassles",4.4
"221","Hassles",6
"222","Hassles",3.8
"223","Hassles",4.7
"224","Hassles",5.4
"225","Hassles",3.5
"226","Hassles",4.4
"227","Hassles",4.6
"228","Hassles",4.3
"229","Hassles",4.7
"230","Hassles",3.8
"231","Hassles",5.3
"232","Hassles",3.9
"233","Hassles",4.6
"234","Hassles",3.3
"235","Hassles",4.6
"236","Hassles",3.4
"237","Hassles",4.8
"238","Hassles",5.6
"239","Hassles",3.8
"240","Hassles",5.6
"241","Hassles",4.8
"242","Hassles",4.7
"243","Hassles",5.4
"244","Hassles",4.8
"245","Hassles",5.6
"246","Hassles",4.8
"247","Hassles",5.5
"248","Hassles",5.3
"249","Hassles",5.6
"250","Hassles",3.7
"251","Hassles",3.8
"252","Hassles",5.3
"253","Hassles",4.1
"254","Hassles",6.2
"255","Hassles",3.8
"256","Hassles",NA
"257","Hassles",NA
"258","Hassles",NA
"259","Hassles",NA
"260","Hassles",NA
"261","Hassles",NA
"262","Hassles",NA
"263","Hassles",NA
"264","Hassles",NA
"265","Hassles",NA
"266","Hassles",NA
"267","Hassles",NA
"268","Hassles",NA
"269","Hassles",NA
"270","Hassles",NA
"271","Hassles",NA
"272","Hassles",NA
"273","Hassles",NA
"274","Hassles",NA
"275","Hassles",NA
"276","Hassles",NA
"277","Hassles",NA
"278","Hassles",NA
"279","Hassles",NA
"280","Hassles",NA
"281","Hassles",NA
"282","Hassles",NA
"283","Hassles",NA
"284","Hassles",NA
"285","Hassles",NA
"286","Hassles",NA
"287","Hassles",NA
"288","Hassles",NA
"289","Hassles",NA
"290","Hassles",NA
"291","Hassles",NA
"292","Hassles",NA
"293","Hassles",NA
"294","Hassles",NA
"295","Hassles",NA
"296","Hassles",NA
"297","Hassles",NA
"298","Hassles",NA
"299","Hassles",NA
"300","Hassles",NA
"301","Hassles",NA
"302","Hassles",NA
"303","Hassles",NA
"304","Hassles",NA
"305","Hassles",NA
"306","Hassles",NA
"307","Hassles",NA
"308","Hassles",NA
"309","Hassles",NA
"310","Hassles",NA
"311","Hassles",NA
"312","Hassles",NA
"313","Hassles",NA
"314","Hassles",NA
"315","Hassles",NA
"316","Hassles",NA
"317","Hassles",NA
"318","Hassles",NA
"319","Hassles",NA
"320","Hassles",NA
"321","Hassles",NA
"322","Hassles",NA
"323","Hassles",NA
"324","Hassles",NA
"325","Hassles",NA
"326","Hassles",NA
"327","Hassles",NA
"328","Hassles",NA
"329","Hassles",NA
"330","Hassles",NA
"331","Hassles",NA
"332","Hassles",NA
"333","Hassles",NA
"334","Hassles",NA
"335","Hassles",NA
"336","Hassles",NA
"337","Hassles",NA
"338","Hassles",NA
"339","Hassles",NA
"340","Hassles",NA
"341","Hassles",NA
"342","Hassles",NA
"343","Hassles",NA
"344","Hassles",NA
"345","Hassles",NA
"346","Hassles",NA
"347","Hassles",NA
"348","Hassles",NA
"349","Hassles",NA
"350","Hassles",NA
"351","Hassles",NA
"352","Hassles",NA
"353","Hassles",NA
"354","Hassles",NA
"355","Hassles",NA
"356","Hassles",NA
"357","Hassles",NA
"358","Hassles",NA
"359","Hassles",NA
"360","Hassles",NA
"361","Hassles",NA
"362","Hassles",NA
"363","Hassles",NA
"364","Hassles",NA
"365","Hassles",NA
"366","Hassles",NA
"367","Hassles",NA
"368","Hassles",NA
"369","Hassles",NA
"370","Hassles",NA
"371","Hassles",NA
"372","Hassles",NA
"373","Hassles",NA
"374","Hassles",NA
"375","Hassles",NA
"376","Hassles",NA
"377","Hassles",NA
"378","Hassles",NA
"379","Hassles",NA
"380","Hassles",NA
"381","Hassles",NA
"382","Hassles",NA
"383","Hassles",NA
"384","Hassles",NA
"385","Events",4.9
"386","Events",4.2
"387","Events",4.1
"388","Events",4.8
"389","Events",6.7
"390","Events",3.6
"391","Events",4.8
"392","Events",4.7
"393","Events",4.4
"394","Events",5.1
"395","Events",5.4
"396","Events",4
"397","Events",3.8
"398","Events",4.5
"399","Events",5.2
"400","Events",5.1
"401","Events",4.5
"402","Events",3
"403","Events",4.9
"404","Events",4.2
"405","Events",3.9
"406","Events",4.9
"407","Events",5.2
"408","Events",3.3
"409","Events",4.7
"410","Events",4.9
"411","Events",5
"412","Events",4.3
"413","Events",4.7
"414","Events",4.2
"415","Events",5.5
"416","Events",4.3
"417","Events",5.3
"418","Events",5
"419","Events",4.1
"420","Events",4.9
"421","Events",5.1
"422","Events",5.4
"423","Events",3.2
"424","Events",5
"425","Events",4.3
"426","Events",5.4
"427","Events",5
"428","Events",4.2
"429","Events",4
"430","Events",4.8
"431","Events",3.4
"432","Events",3.4
"433","Events",5.7
"434","Events",6.8
"435","Events",3.6
"436","Events",3.8
"437","Events",4.8
"438","Events",3.5
"439","Events",4.8
"440","Events",4.3
"441","Events",6
"442","Events",6.7
"443","Events",5.7
"444","Events",5.9
"445","Events",3.3
"446","Events",5.9
"447","Events",4.5
"448","Events",4.6
"449","Events",3.7
"450","Events",NA
"451","Events",NA
"452","Events",NA
"453","Events",NA
"454","Events",NA
"455","Events",NA
"456","Events",NA
"457","Events",NA
"458","Events",NA
"459","Events",NA
"460","Events",NA
"461","Events",NA
"462","Events",NA
"463","Events",NA
"464","Events",NA
"465","Events",NA
"466","Events",NA
"467","Events",NA
"468","Events",NA
"469","Events",NA
"470","Events",NA
"471","Events",NA
"472","Events",NA
"473","Events",NA
"474","Events",NA
"475","Events",NA
"476","Events",NA
"477","Events",NA
"478","Events",NA
"479","Events",NA
"480","Events",NA
"481","Events",NA
"482","Events",NA
"483","Events",NA
"484","Events",NA
"485","Events",NA
"486","Events",NA
"487","Events",NA
"488","Events",NA
"489","Events",NA
"490","Events",NA
"491","Events",NA
"492","Events",NA
"493","Events",NA
"494","Events",NA
"495","Events",NA
"496","Events",NA
"497","Events",NA
"498","Events",NA
"499","Events",NA
"500","Events",NA
"501","Events",NA
"502","Events",NA
"503","Events",NA
"504","Events",NA
"505","Events",NA
"506","Events",NA
"507","Events",NA
"508","Events",NA
"509","Events",NA
"510","Events",NA
"511","Events",NA
"512","Events",NA
"513","Events",NA
"514","Events",NA
"515","Events",NA
"516","Events",NA
"517","Events",NA
"518","Events",NA
"519","Events",NA
"520","Events",NA
"521","Events",NA
"522","Events",NA
"523","Events",NA
"524","Events",NA
"525","Events",NA
"526","Events",NA
"527","Events",NA
"528","Events",NA
"529","Events",NA
"530","Events",NA
"531","Events",NA
"532","Events",NA
"533","Events",NA
"534","Events",NA
"535","Events",NA
"536","Events",NA
"537","Events",NA
"538","Events",NA
"539","Events",NA
"540","Events",NA
"541","Events",NA
"542","Events",NA
"543","Events",NA
"544","Events",NA
"545","Events",NA
"546","Events",NA
"547","Events",NA
"548","Events",NA
"549","Events",NA
"550","Events",NA
"551","Events",NA
"552","Events",NA
"553","Events",NA
"554","Events",NA
"555","Events",NA
"556","Events",NA
"557","Events",NA
"558","Events",NA
"559","Events",NA
"560","Events",NA
"561","Events",NA
"562","Events",NA
"563","Events",NA
"564","Events",NA
"565","Events",NA
"566","Events",NA
"567","Events",NA
"568","Events",NA
"569","Events",NA
"570","Events",NA
"571","Events",NA
"572","Events",NA
"573","Events",NA
"574","Events",NA
"575","Events",NA
"576","Events",NA
